[
  {
    "barkod": "123456789",
    "name": "Majezik",
    "manufacturer": "CureTech",
    "stock": 67,
    "price": 78.99,
    "minStock": 0
  },
  {
    "barkod": "678549376",
    "name": "Parol",
    "manufacturer": "CureTech",
    "stock": 3,
    "price": 65.0,
    "minStock": 0
  },
  {
    "barkod": "643923512",
    "name": "Augumentin",
    "manufacturer": "CureTech",
    "stock": 16,
    "price": 105.5,
    "minStock": 0
  },
  {
    "barkod": "234567891",
    "name": "Calpol",
    "manufacturer": "CureTech",
    "stock": 9,
    "price": 85.99,
    "minStock": 0
  },
  {
    "barkod": "1234562345",
    "name": "Ator",
    "description": "Kolestrol İlacı",
    "type": "",
    "manufacturer": "CureTech",
    "stock": 13,
    "price": 240.0,
    "minStock": 5
  },
  {
    "barkod": "234567895",
    "name": "Nurofen",
    "description": "",
    "type": "Soğuk Algınlığı",
    "manufacturer": "CureTech",
    "stock": 50,
    "price": 119.0,
    "minStock": 10
  }
]