[
  {
    "tcNo": "24806077122",
    "name": "Yiğit",
    "surname": "Algan",
    "phone": "5330135380",
    "address": "İstanbul",
    "birthDate": "04.04.2006"
  },
  {
    "tcNo": "24059819497",
    "name": "Semih Mevlüt",
    "surname": "Harman",
    "phone": "5373936830",
    "address": "İstanbul",
    "birthDate": "22.03.2005"
  },
  {
    "tcNo": "24142567432",
    "name": "Kubilay",
    "surname": "İşcan",
    "phone": "5323333333",
    "address": "İstanbul - Yenibosna",
    "birthDate": "01.04.2005"
  }
]