[
  {
    "id": "94926364",
    "patientTcNo": "240234184921",
    "date": "2025-04-04",
    "items": [
      {
        "medicationBarkod": "123456789",
        "quantity": 1,
        "usage": "3x1",
        "period": 7
      }
    ],
    "doctorName": "Muzaffer Kılıç",
    "diagnosis": "Solunum Yolu Enfeksiyon"
  },
  {
    "id": "7147417",
    "patientTcNo": "11111111111",
    "date": "2025-04-09",
    "items": [
      {
        "medicationBarkod": "678549376",
        "quantity": 1,
        "usage": "3x1",
        "period": 7
      }
    ],
    "doctorName": "Semih Mevlüt Harman",
    "diagnosis": "Kulak Burun Boğaz"
  }
]